{"createdAt":"2018-05-09T06:10:08.477Z","version":"10.0.12","kind":"ARC#Project","requests":[{"type":"saved","headers":"Content-Type: application/json","method":"POST","name":"brchdetails_local","payload":"{\n  \"header\": {\n    \"soaMsgVersion\": \"1.0\",\n    \"soaAppId\": \"1.1\",\n    \"creationTime\": \"10-12-2017\",\n    \"soaCorrelationId\": \"100000\",\n    \"soaUserId\": \"abc\",\n    \"soaPassword\": \"abc@\"\n  },\n  \"payload\": {\n    \"transaction\": [\n      {\n        \"userId\": \"HOM1164\",\n        \"designation\": \"Relationship Associate\"\n      }\n    ]\n  }\n}","url":"http://localhost:8082/empservice/api/v1/brchdetails","updated":1525755902979,"created":1510113849598,"id":"brchdetails_local/http%3A%2F%2Flocalhost%3A8082%2Fempservice%2Fapi%2Fv1%2Fbrchdetails/post/847a7a47-464c-4c05-a03e-81ab347c79c6","selected":true,"_referenceLegacyProject":"847a7a47-464c-4c05-a03e-81ab347c79c6","kind":"ARC#RequestData"},{"type":"saved","headers":"Content-Type: application/json","method":"POST","name":"campaigndata_UAT","payload":"{\n  \"request\": {\n    \"header\": {\n      \"soaCorrelationId\": \"225163708\",\n      \"soaMsgVersion\": \"1.0\",\n      \"soaAppId\": \"NEO\"\n    },\n    \"requestData\": {\n      \"imageId\": \"\"\n    }\n  }\n}","url":"https://mliutilityuat.maxlifeinsurance.com/empservice/api/v1/campaigndata","updated":1525755902979,"created":1510111524581,"id":"campaigndata_uat/https%3A%2F%2Fmliutilityuat.maxlifeinsurance.com%2Fempservice%2Fapi%2Fv1%2Fcampaigndata/post/847a7a47-464c-4c05-a03e-81ab347c79c6","selected":true,"_referenceLegacyProject":"847a7a47-464c-4c05-a03e-81ab347c79c6","kind":"ARC#RequestData"},{"type":"saved","headers":"Content-Type: application/json","method":"POST","name":"checkeappversion_UAT","payload":"{\n  \"request\": {\n    \"header\": {\n      \"soaCorrelationId\": \"225163708\",\n      \"soaMsgVersion\": \"1.0\",\n      \"soaAppId\": \"NEO\"\n    },\n    \"payload\": {\n      \"mConnectAppversion\": \"resources.android.mconnect\"\n    }\n  }\n}","url":"https://mliutilityuat.maxlifeinsurance.com/empservice/api/v1/checkeappversion","updated":1525755902979,"created":1510111014822,"id":"checkeappversion_uat/https%3A%2F%2Fmliutilityuat.maxlifeinsurance.com%2Fempservice%2Fapi%2Fv1%2Fcheckeappversion/post/847a7a47-464c-4c05-a03e-81ab347c79c6","selected":true,"_referenceLegacyProject":"847a7a47-464c-4c05-a03e-81ab347c79c6","kind":"ARC#RequestData"},{"type":"saved","headers":"Content-Type: application/json","method":"POST","name":"employee_UAT","payload":"{\n  \"request\": {\n    \"header\": {\n      \"soaMsgVersion\": \"\",\n      \"soaAppId\": \"\",\n      \"soaCorrelationId\": \"aaaaaaaaaaaa\"\n    },\n    \"payload\": {\n      \"empId\": \"PUN1608\"\n    }\n  }\n}","url":"https://mliutilityuat.maxlifeinsurance.com/empservice/api/v1/employee","updated":1525755902979,"created":1510110072422,"id":"employee_uat/https%3A%2F%2Fmliutilityuat.maxlifeinsurance.com%2Fempservice%2Fapi%2Fv1%2Femployee/post/847a7a47-464c-4c05-a03e-81ab347c79c6","selected":true,"_referenceLegacyProject":"847a7a47-464c-4c05-a03e-81ab347c79c6","kind":"ARC#RequestData"},{"type":"saved","headers":"Content-Type: application/json","method":"POST","name":"exceptions_UAT","payload":"{\n  \"request\": {\n    \"header\": {\n      \"soaMsgVersion\": \"\",\n      \"soaAppId\": \"\",\n      \"soaCorrelationId\": \"aaaaaaaaaaaa\"\n    },\n    \"payload\": {\n      \"empId\": \"CLT0212\"\n    }\n  }\n}","url":"https://mliutilityuat.maxlifeinsurance.com/empservice/api/v1/exceptions","updated":1525755902979,"created":1510110021272,"id":"exceptions_uat/https%3A%2F%2Fmliutilityuat.maxlifeinsurance.com%2Fempservice%2Fapi%2Fv1%2Fexceptions/post/847a7a47-464c-4c05-a03e-81ab347c79c6","selected":true,"_referenceLegacyProject":"847a7a47-464c-4c05-a03e-81ab347c79c6","kind":"ARC#RequestData"},{"type":"saved","headers":"Content-Type: application/json","method":"POST","name":"feedback_UAT","payload":"{\n  \"request\": {\n    \"header\": {\n      \"soaCorrelationId\": \"225163708\",\n      \"soaMsgVersion\": \"1.0\",\n      \"soaAppId\": \"NEO\"\n    },\n    \"payload\": {\n      \"userId\": \"HOM1164\",\n      \"isSelect\": \"false\",\n      \"values\": \"2\",\n      \"comments\": \"Okkkkk\"\n    }\n  }\n}","url":"https://mliutilityuat.maxlifeinsurance.com/empservice/api/v1/feedback","updated":1525755902979,"created":1510110811814,"id":"feedback_uat/https%3A%2F%2Fmliutilityuat.maxlifeinsurance.com%2Fempservice%2Fapi%2Fv1%2Ffeedback/post/847a7a47-464c-4c05-a03e-81ab347c79c6","selected":true,"_referenceLegacyProject":"847a7a47-464c-4c05-a03e-81ab347c79c6","kind":"ARC#RequestData"},{"type":"saved","headers":"Content-Type: application/json","method":"POST","name":"getsavedata_UAT","payload":"{\n  \"request\": {\n    \"header\": {\n      \"soaMsgVersion\": \"\",\n      \"soaAppId\": \"\",\n      \"creationTime\": \"100001\",\n      \"soaCorrelationId\": \"1000000\",\n      \"soaUserId\": \"\",\n      \"soaPassword\": \"\"\n    },\n    \"payload\": {\n      \"transactions\": [\n        {\n          \"userId\": \"HRHD0002\",\n          \"userName\": \"Amit\",\n          \"nomineeId\": \"nkttss12\",\n          \"nomineeName\": \"Manish\",\n          \"values\": \"1,1,1,1\",\n          \"text\": \"TEST\",\n          \"userMailId\": \"amit.dubey2@maxlifeinsurance.com\",\n          \"nomineeMailId\": \"amit.dubey2@maxlifeinsurance.com\",\n          \"managerMailId\": \"amit.dubey2@maxlifeinsurance.com\"\n        }\n      ]\n    }\n  }\n}","url":"https://mliutilityuat.maxlifeinsurance.com/empservice/api/v1/getsavedata","updated":1525755902979,"created":1510110257439,"id":"getsavedata_uat/https%3A%2F%2Fmliutilityuat.maxlifeinsurance.com%2Fempservice%2Fapi%2Fv1%2Fgetsavedata/post/847a7a47-464c-4c05-a03e-81ab347c79c6","selected":true,"_referenceLegacyProject":"847a7a47-464c-4c05-a03e-81ab347c79c6","kind":"ARC#RequestData"},{"type":"saved","headers":"Content-Type: application/json","method":"POST","name":"getuserdetails_UAT","payload":"{\n  \"request\": {\n    \"header\": {\n      \"soaMsgVersion\": \"\",\n      \"soaAppId\": \"\",\n      \"soaCorrelationId\": \"aaaaaaaaaaaa\"\n    },\n    \"payload\": {}\n  }\n}","url":"https://mliutilityuat.maxlifeinsurance.com/empservice/api/v1/getuserdetails","updated":1525755902979,"created":1510111436082,"id":"getuserdetails_uat/https%3A%2F%2Fmliutilityuat.maxlifeinsurance.com%2Fempservice%2Fapi%2Fv1%2Fgetuserdetails/post/847a7a47-464c-4c05-a03e-81ab347c79c6","selected":true,"_referenceLegacyProject":"847a7a47-464c-4c05-a03e-81ab347c79c6","kind":"ARC#RequestData"},{"type":"saved","headers":"Content-Type: application/json","method":"POST","name":"pendingapproval_UAT","payload":"{\n  \"request\": {\n    \"header\": {\n      \"soaMsgVersion\": \"\",\n      \"soaAppId\": \"\",\n      \"soaCorrelationId\": \"aaaaaaaaaaaa\"\n    },\n    \"payload\": {\n      \"empId\": \"HOM0315\",\n      \"requestType\": \"PendingApprovalRequest\"\n    }\n  }\n}","url":"https://mliutilityuat.maxlifeinsurance.com/empservice/api/v1/pendingapproval","updated":1525755902980,"created":1510109920667,"id":"pendingapproval_uat/https%3A%2F%2Fmliutilityuat.maxlifeinsurance.com%2Fempservice%2Fapi%2Fv1%2Fpendingapproval/post/847a7a47-464c-4c05-a03e-81ab347c79c6","selected":true,"_referenceLegacyProject":"847a7a47-464c-4c05-a03e-81ab347c79c6","kind":"ARC#RequestData"},{"type":"saved","headers":"Content-Type: application/json","method":"POST","name":"punch_UAT","payload":"{\n  \"request\": {\n    \"header\": {\n      \"soaMsgVersion\": \"\",\n      \"soaAppId\": \"\",\n      \"soaCorrelationId\": \"aaaaaaaaaaaa\"\n    },\n    \"payload\": {\n      \"empId\": \"HOM2801\",\n      \"requestType\": \"PunchRequest\"\n    }\n  }\n}","url":"https://mliutilityuat.maxlifeinsurance.com/empservice/api/v1/punch","updated":1525755902980,"created":1510110121389,"id":"punch_uat/https%3A%2F%2Fmliutilityuat.maxlifeinsurance.com%2Fempservice%2Fapi%2Fv1%2Fpunch/post/847a7a47-464c-4c05-a03e-81ab347c79c6","selected":true,"_referenceLegacyProject":"847a7a47-464c-4c05-a03e-81ab347c79c6","kind":"ARC#RequestData"},{"type":"saved","headers":"Content-Type: application/json","method":"POST","name":"ssolastlogindetails_UAT","payload":"{\n  \"request\": {\n    \"header\": {\n      \"soaCorrelationId\": \"225163708\",\n      \"soaMsgVersion\": \"1.0\",\n      \"soaAppId\": \"NEO\"\n    },\n    \"payload\": {\n      \"userId\": \"HOM1164\"\n    }\n  }\n}","url":"https://mliutilityuat.maxlifeinsurance.com/empservice/api/v1/ssolastlogindetails","updated":1525755902980,"created":1510111069850,"id":"ssolastlogindetails_uat/https%3A%2F%2Fmliutilityuat.maxlifeinsurance.com%2Fempservice%2Fapi%2Fv1%2Fssolastlogindetails/post/847a7a47-464c-4c05-a03e-81ab347c79c6","selected":true,"_referenceLegacyProject":"847a7a47-464c-4c05-a03e-81ab347c79c6","kind":"ARC#RequestData"},{"type":"saved","headers":"Content-Type: application/json","method":"POST","name":"useranddeviceid_UAT","payload":"{\n  \"request\": {\n    \"header\": {\n      \"soaCorrelationId\": \"225163708\",\n      \"soaMsgVersion\": \"1.0\",\n      \"soaAppId\": \"NEO\"\n    },\n    \"payload\": {\n      \"userId\": \"HOM11640\",\n      \"deviceId\": \"4d49b47b-d8f9-404d-b142-c61b2340040fgnf\",\n      \"active\": \"Y\",\n      \"deviceType\": \"IOS\"\n    }\n  }\n}","url":"https://mliutilityuat.maxlifeinsurance.com/empservice/api/v1/useranddeviceid","updated":1525755902981,"created":1510112908180,"id":"useranddeviceid_uat/https%3A%2F%2Fmliutilityuat.maxlifeinsurance.com%2Fempservice%2Fapi%2Fv1%2Fuseranddeviceid/post/847a7a47-464c-4c05-a03e-81ab347c79c6","selected":true,"_referenceLegacyProject":"847a7a47-464c-4c05-a03e-81ab347c79c6","kind":"ARC#RequestData"},{"type":"saved","headers":"Content-Type: application/json","method":"POST","name":"userwiseanalysis_UAT","payload":"{\n  \"request\": {\n    \"header\": {\n      \"soaCorrelationId\": \"225163708\",\n      \"soaMsgVersion\": \"1.0\",\n      \"soaAppId\": \"NEO\"\n    },\n    \"payload\": {\n      \"userId\": \"HOM1164\",\n      \"page\": \"getSSODetails\",\n      \"requestdatetime\": \"28-SEP-16\"\n    }\n  }\n}","url":"https://mliutilityuat.maxlifeinsurance.com/empservice/api/v1/userwiseanalysis","updated":1525755902981,"created":1510110868254,"id":"userwiseanalysis_uat/https%3A%2F%2Fmliutilityuat.maxlifeinsurance.com%2Fempservice%2Fapi%2Fv1%2Fuserwiseanalysis/post/847a7a47-464c-4c05-a03e-81ab347c79c6","selected":true,"_referenceLegacyProject":"847a7a47-464c-4c05-a03e-81ab347c79c6","kind":"ARC#RequestData"}],"projects":[{"name":"empservice","order":0,"created":1510049716331,"updated":1525755902976,"_referenceId":"847a7a47-464c-4c05-a03e-81ab347c79c6","kind":"ARC#ProjectData"}]}