<?xml version="1.0" encoding="UTF-8"?>
<mappings xmlns="http://dozer.sourceforge.net" xmlns:xsi="http://www.w3.org/2001/XMLSchema-instance"
	xsi:schemaLocation="http://dozer.sourceforge.net
          http://dozer.sourceforge.net/schema/beanmapping.xsd">
	<configuration>
		<stop-on-errors>true</stop-on-errors>
	</configuration>

<!-- MLI Policy Proc Mapping Starts Here -->

<mapping>
		<class-a>java.util.HashMap</class-a>
		 <class-b>com.qc.api.dto.policy.PolicyBasicDetailsDTO</class-b>
		 <!-- PR_GETPLCYINFO_PLCY_BAS_DTLS --> 
		
<field><a key="key0">this</a><b>policyNum</b></field> 
<field><a key="key1">this</a><b>policyBasePlanIdCd</b></field> 
<field><a key="key2">this</a><b>policyBasePlanIdDesc</b></field> 
<field><a key="key3">this</a><b>policyOwnerId</b></field> 
<field><a key="key4">this</a><b>policyInsuredId</b></field> 
<field><a key="key5">this</a><b>policyPayerId</b></field> 
<field><a key="key6">this</a><b>policyAssigneeId</b></field> 
<field><a key="key7">this</a><b>reasonForAssgnmt</b></field> 
<field><a key="key8">this</a><b>effDtOfAssgnmt</b></field> 
<field><a key="key9">this</a><b>policyTrusteeId</b></field> 
<field><a key="key10">this</a><b>policyStatusCd</b></field> 
<field><a key="key11">this</a><b>policyStatusDesc</b></field> 
<field><a key="key12">this</a><b>policyPrevStatusCd</b></field> 
<field><a key="key13">this</a><b>policyPrevStatusDesc</b></field> 
<field><a key="key14">this</a><b>policyIssueDt</b></field> 
<field><a key="key15">this</a><b>policyInforceDt</b></field> 
<field><a key="key16">this</a><b>billingFreqCd</b></field> 
<field><a key="key17">this</a><b>billingFreqDesc</b></field> 
<field><a key="key18">this</a><b>modeFactor</b></field> 
<field><a key="key19">this</a><b>policyBillingTypeCd</b></field> 
<field><a key="key20">this</a><b>policyBillingTypeDesc</b></field> 
<field><a key="key21">this</a><b>policyxsellFlag</b></field> 
<field><a key="key22">this</a><b>policyhhFlag</b></field> 
<field><a key="key23">this</a><b>lastPremPmtMethodCd</b></field> 
<field><a key="key24">this</a><b>lastPremPmtMethodDesc</b></field> 
<field><a key="key25">this</a><b>initialPremMethodCd</b></field> 
<field><a key="key26">this</a><b>initialPremMethodDesc</b></field> 
<field><a key="key27">this</a><b>lastPremPmtDt</b></field> 
<field><a key="key28">this</a><b>polAppRecvDt</b></field> 
<field><a key="key29">this</a><b>polAppSignDt</b></field> 
<field><a key="key30">this</a><b>initialPremDt</b></field> 
<field><a key="key31">this</a><b>policyPmtTerm</b></field> 
<field><a key="key32">this</a><b>policyTerm</b></field> 
<field><a key="key33">this</a><b>policyServicingAgentId</b></field> 
<field><a key="key34">this</a><b>policyServicingGoCode</b></field> 
<field><a key="key35">this</a><b>policyWritingGoCode</b></field> 
<field><a key="key36">this</a><b>policyStatusChangeDt</b></field> 
<field><a key="key37">this</a><b>polCeasDt</b></field> 
<field><a key="key38">this</a><b>policyRejectionReasonCd</b></field> 
<field><a key="key39">this</a><b>policyRejectionReasonDesc</b></field> 
<field><a key="key40">this</a><b>policyInsuranceTypeCd</b></field> 
<field><a key="key41">this</a><b>policyInsuranceTypeDesc</b></field> 
<field><a key="key42">this</a><b>policyPtToDtNum</b></field> 
<field><a key="key43">this</a><b>policyCntlPrPtToDt</b></field> 
<field><a key="key44">this</a><b>policyPmtDrwDy</b></field> 
<field><a key="key45">this</a><b>policyDivOptCd</b></field> 
<field><a key="key46">this</a><b>policyDivOptDesc</b></field> 
<field><a key="key47">this</a><b>policyDbOptCd</b></field> 
<field><a key="key48">this</a><b>policyDbOptDesc</b></field> 
<field><a key="key49">this</a><b>policyPremTypeCd</b></field> 
<field><a key="key50">this</a><b>policyPremTypeDesc</b></field> 
<field><a key="key51">this</a><b>policySector</b></field> 
<field><a key="key52">this</a><b>ceip</b></field> 
<field><a key="key53">this</a><b>policyCampnCd</b></field> 
<field><a key="key54">this</a><b>policyCampnDesc</b></field> 
<field><a key="key55">this</a><b>policyKeyManInd</b></field> 
<field><a key="key56">this</a><b>policyTds10</b></field> 
<field><a key="key57">this</a><b>policyEiaInd</b></field> 
<field><a key="key58">this</a><b>policyCeasRsnCd</b></field> 
<field><a key="key59">this</a><b>policyCeasRsnDesc</b></field> 
<field><a key="key60">this</a><b>policyDiscontineuRsnCd</b></field> 
<field><a key="key61">this</a><b>policyDiscontineuRsnDesc</b></field> 
<field><a key="key62">this</a><b>policyLapseDt</b></field> 
<field><a key="key63">this</a><b>ulLapseRevivalIndicator</b></field> 
<field><a key="key64">this</a><b>polCumUnclrdAmt</b></field> 
<field><a key="key65">this</a><b>freeLookEndDt</b></field> 
<field><a key="key66">this</a><b>policySubStatusCd</b></field> 
<field><a key="key67">this</a><b>policySubStatusDesc</b></field> 
<field><a key="key68">this</a><b>policyDicontinuedDt</b></field> 
<field><a key="key69">this</a><b>era</b></field> 
<field><a key="key70">this</a><b>newProductFlagging</b></field> 
<field><a key="key71">this</a><b>stpDfaIsActiveOrNot</b></field> 
<field><a key="key72">this</a><b>indxLevelFlagIndicator</b></field> 
<field><a key="key73">this</a><b>irdaGuidelineTypeCd</b></field> 
<field><a key="key74">this</a><b>irdaGuidelineTypeDesc</b></field> 
<field><a key="key75">this</a><b>ntuReasonCd</b></field> 
<field><a key="key76">this</a><b>ntuReasonDesc</b></field> 
<field><a key="key77">this</a><b>policyHasDeathBenefitGuarantee</b></field> 
<field><a key="key78">this</a><b>comboPolicyId</b></field> 
<field><a key="key79">this</a><b>caseStatusCd</b></field> 
<field><a key="key80">this</a><b>caseStatusDesc</b></field> 
<field><a key="key81">this</a><b>serviceProviderName</b></field> 
<field><a key="key82">this</a><b>discontinuanceFund</b></field> 
<field><a key="key83">this</a><b>ntuEffDate</b></field> 
<field><a key="key84">this</a><b>ctpAmt</b></field> 
<field><a key="key85">this</a><b>polDueDate</b></field> 
<field><a key="key86">this</a><b>polLapseDate</b></field> 
<field><a key="key87">this</a><b>revivalDueDate</b></field> 
<field><a key="key88">this</a><b>isEligibleForLoan</b></field> 
<!-- <field><a key="key89">this</a><b></b></field>  -->
<field><a key="key4">this</a><b>polprimInsrd</b></field>
<field><a key="key91">this</a><b>mwpaFlag</b></field>

<field><a key="key91">this</a><b>polInsPurpCd</b></field>
<field><a key="key92">this</a><b>polInsPurp</b></field>
<field><a key="key93">this</a><b>form2Policy</b></field>
<field><a key="key94">this</a><b>polRejectionReason</b></field>
<field><a key="key95">this</a><b>employerEmployeePol</b></field>
<field><a key="key96">this</a><b>keyManPolicy</b></field>
<field><a key="key97">this</a><b>tdsExempt</b></field>


<field><a key="key98">this</a><b>policyAssignedMaxLife</b></field>
<field><a key="key99">this</a><b>ownerEarnedIncome</b></field>





		
</mapping>

<mapping>
		<class-a>java.util.HashMap</class-a>
		 <class-b>com.qc.api.dto.policy.CoverageDetailsDTO</class-b> 
		<!-- PR_GETPLCYINFO_COVERAGE_DTLS	 -->
		
<field><a key="key0">this</a><b>cvgNum</b></field> 
<field><a key="key1">this</a><b>cvgPlanIdCd</b></field> 
<field><a key="key2">this</a><b>cvgPlanIdDesc</b></field> 
<field><a key="key3">this</a><b>coverageStatusCd</b></field> 
<field><a key="key4">this</a><b>coverageStatusDesc</b></field> 
<field><a key="key5">this</a><b>cvgFaceAmt</b></field> 
<field><a key="key6">this</a><b>cvgDutyAmt</b></field> 
<field><a key="key7">this</a><b>coverageModelPrem</b></field> 
<field><a key="key8">this</a><b>cvgBasicFaceAmt</b></field> 
<field><a key="key9">this</a><b>cvgUwgFrcnCd</b></field> 
<field><a key="key10">this</a><b>cvgUwgFrcnDesc</b></field> 
<field><a key="key11">this</a><b>cvgActTypCd</b></field> 
<field><a key="key12">this</a><b>cvgActTypDesc</b></field> 
<field><a key="key13">this</a><b>cvgAppRevDt</b></field> 
<field><a key="key14">this</a><b>cvgMatXpryDt</b></field> 
<field><a key="key15">this</a><b>cvgIssEffDt</b></field> 
<field><a key="key16">this</a><b>origPlanIdCd</b></field> 
<field><a key="key17">this</a><b>origPlanIdDesc</b></field> 
<field><a key="key18">this</a><b>cvgRateAge</b></field> 
<field><a key="key19">this</a><b>cvgFePremAmt</b></field> 
<field><a key="key20">this</a><b>cvgParCd</b></field> 
<field><a key="key21">this</a><b>cvgStatEffDt</b></field> 
<field><a key="key22">this</a><b>premChngAgeDur</b></field> 
<field><a key="key23">this</a><b>premChngeDtCd</b></field> 
<field><a key="key24">this</a><b>ulrcvgYn</b></field> 
<field><a key="key25">this</a><b>ulpcvgYn</b></field> 
<field><a key="key26">this</a><b>riderServTax</b></field> 
<field><a key="key27">this</a><b>noOfCoverage</b></field> 
<field><a key="key28">this</a><b>cvgStatusChangeDt</b></field> 
<field><a key="key29">this</a><b>riderTerm</b></field> 
<field><a key="key30">this</a><b>stgstTax</b></field> 
<field><a key="key31">this</a><b>riderFlg</b></field> 
<!-- <field><a key="key32">this</a><b></b></field>  -->
<field><a key="key33">this</a><b>zeroCovergeFaceAmt</b></field> 
<field><a key="key34">this</a><b>riderAnnualPremium</b></field> 


<field><a key="key9">this</a><b>cvgUwdcnCd</b></field>
<field><a key="key35">this</a><b>loading</b></field>


</mapping>

<mapping>
		<class-a>java.util.HashMap</class-a>
		 <class-b>com.qc.api.dto.policy.SurrenderRetentionDetailsDTO</class-b> 
		<!-- PR_GETPLCYINFO_SURR_RET_DTLS -->
		
<field><a key="key0">this</a><b>partWidhdwAmAvlbl</b></field> 
<field><a key="key1">this</a><b>currentNav</b></field> 
<field><a key="key2">this</a><b>currentNavDt</b></field> 
<field><a key="key3">this</a><b>fundId</b></field> 
<field><a key="key4">this</a><b>fundName</b></field> 
<field><a key="key5">this</a><b>fundVal</b></field> 
<field><a key="key6">this</a><b>inceptionNav</b></field> 
<field><a key="key7">this</a><b>allocationCharge</b></field> 
<field><a key="key8">this</a><b>illustVal6</b></field> 
<field><a key="key9">this</a><b>illustVal10</b></field> 
<field><a key="key10">this</a><b>trendVsIllust</b></field> 
<field><a key="key11">this</a><b>sensxAtDtOfPolIncept</b></field> 
<field><a key="key12">this</a><b>currentSensxDtTime </b></field> 
<field><a key="key13">this</a><b>currentSensxVal</b></field> 
<field><a key="key14">this</a><b>sensxReturnPrcnt</b></field> 
<field><a key="key15">this</a><b>noOfPolWitDnInYr</b></field> 
<field><a key="key16">this</a><b>noOfSwtchDnInPolYr </b></field> 
<field><a key="key17">this</a><b>noOfRedInPolYr</b></field> 
<field><a key="key18">this</a><b>prcntGrowth</b></field> 
<field><a key="key19">this</a><b>illustVal8</b></field> 
<field><a key="key20">this</a><b>noOfUnits</b></field> 
<field><a key="key21">this</a><b>minimumSwitchingAmount </b></field> 
		
</mapping>

<mapping>
		<class-a>java.util.HashMap</class-a>
		 <class-b>com.qc.api.dto.policy.UnderWritingDTO</class-b> 
		<!-- PR_GETPLCYINFO_UNDERWRITING  --> 
		
<field><a key="key0">this</a><b>polNo</b></field> 
<field><a key="key1">this</a><b>uwDecision</b></field> 
<field><a key="key2">this</a><b>uwFlaggn</b></field> 
<field><a key="key3">this</a><b>uwType</b></field> 
<field><a key="key4">this</a><b>tlUwDt</b></field> 
<field><a key="key5">this</a><b>postponMarkDt</b></field> 
<field><a key="key6">this</a><b>addInfoMarkDt</b></field> 
<field><a key="key7">this</a><b>counterOffMarkDt</b></field> 
<field><a key="key8">this</a><b>addInfoMarkStatus</b></field> 
<field><a key="key9">this</a><b>counterOffMarkStatus</b></field> 
<field><a key="key10">this</a><b>clientLvlPolRejn</b></field> 
<field><a key="key11">this</a><b>clientLPolLoad</b></field> 
<field><a key="key12">this</a><b>category</b></field> 
<field><a key="key13">this</a><b>reportDt</b></field> 
<field><a key="key14">this</a><b>reportRecv</b></field> 
<field><a key="key15">this</a><b>testCompltDt</b></field> 
<field><a key="key16">this</a><b>reportUpldDt</b></field> 
<field><a key="key17">this</a><b>mediclChrg</b></field> 
<field><a key="key18">this</a><b>clearCase</b></field> 
<field><a key="key19">this</a><b>isMenCase</b></field> 
<field><a key="key20">this</a><b>mediclComplDt</b></field> 
<field><a key="key21">this</a><b>workItem</b></field> 
		
</mapping>


<mapping>
		<class-a>java.util.HashMap</class-a>
		 <class-b>com.qc.api.dto.policy.BonusDetailsDTO</class-b> 
		 <!-- PR_GETPLCYINFO_BONUS_DTLS  -->

<field><a key="key0">this</a><b>bonusNmCd</b></field> 
<field><a key="key1">this</a><b>bonusNmDesc</b></field> 
<field><a key="key2">this</a><b>bonusAmt</b></field> 
<field><a key="key3">this</a><b>bonusStatusCd</b></field> 
<field><a key="key4">this</a><b>bonusStatusDesc</b></field> 
<field><a key="key5">this</a><b>bonusDeclDt</b></field> 
<field><a key="key6">this</a><b>bonusPuaAvl</b></field> 
<field><a key="key7">this</a><b>totlPuaDecl</b></field> 
<field><a key="key8">this</a><b>totlPuaWithdrw </b></field> 
<field><a key="key9">this</a><b>puaPurchased</b></field> 
<!-- <field><a key="key10">this</a><b></b></field>  -->
<field><a key="key11">this</a><b>bonusPaidAmount</b></field> 
<field><a key="key12">this</a><b>puaBonusAmount</b></field> 
<field><a key="key13">this</a><b>puaBonusFaceAmount</b></field> 
<field><a key="key14">this</a><b>bonusPaymentType</b></field> 


</mapping>

<mapping>
		<class-a>java.util.HashMap</class-a>
		 <class-b>com.qc.api.dto.policy.OPPBDetailsDTO</class-b> 
		<!-- PR_GETPLCYINFO_OPPB_DTLS -->
		
<field><a key="key0">this</a><b>oppbEffDt</b></field> 
<field><a key="key1">this</a><b>oppbEpbPuaAmt</b></field> 
<field><a key="key2">this</a><b>oppbRidSt</b></field> 
<field><a key="key3">this</a><b>oppbTrncAmt</b></field> 
<field><a key="key4">this</a><b>oppbTrncStatusCd</b></field> 
<field><a key="key5">this</a><b>oppbTrncStatusDesc</b></field> 
<field><a key="key6">this</a><b>oppbTrncTypeCd</b></field> 
<field><a key="key7">this</a><b>oppbTrncTypeDesc</b></field> 
<field><a key="key8">this</a><b>oppbAmtPayble</b></field> 
<field><a key="key9">this</a><b>oppbPrem</b></field> 
<!-- <field><a key="key10">this</a><b></b></field> --> 
		
</mapping>

<mapping>
		<class-a>java.util.HashMap</class-a>
		 <class-b>com.qc.api.dto.policy.RefundDetailsDTO</class-b> 
		<!-- PR_GETPLCYINFO_REFUND_DTLS	 -->
		
<field><a key="key0">this</a><b>refundAmt</b></field> 
<field><a key="key1">this</a><b>refundDt</b></field> 
<field><a key="key2">this</a><b>refundStatus</b></field> 
<field><a key="key3">this</a><b>refundClDt</b></field> 
<field><a key="key4">this</a><b>resnForRefund</b></field> 
<field><a key="key5">this</a><b>refundBankNameCd</b></field> 
<field><a key="key6">this</a><b>refundBankNameDesc</b></field> 
<field><a key="key7">this</a><b>refundRtoDt</b></field> 
<field><a key="key8">this</a><b>refundRtoReason</b></field> 
<field><a key="key9">this</a><b>accNum</b></field> 
<field><a key="key10">this</a><b>accType</b></field> 
<field><a key="key11">this</a><b>accHoldName</b></field> 
<field><a key="key12">this</a><b>ownrClientId</b></field> 
<field><a key="key13">this</a><b>refundMethodCd</b></field> 
<field><a key="key14">this</a><b>refundMethodDesc</b></field> 
<field><a key="key15">this</a><b>branchName</b></field> 
</mapping>

<mapping>
		<class-a>java.util.HashMap</class-a>
		 <class-b>com.qc.api.dto.policy.BounceDetailsDTO</class-b> 
		<!-- PR_GETPLCYINFO_BOUNCE_DTLS		 -->

<field><a key="key0">this</a><b>rtfNum</b></field> 
<field><a key="key1">this</a><b>bounceDt</b></field> 
<field><a key="key2">this</a><b>instlAmt</b></field> 
<field><a key="key3">this</a><b>bounRecptDt</b></field> 
<field><a key="key4">this</a><b>cheqDt</b></field> 
<field><a key="key5">this</a><b>statusCd</b></field> 
<field><a key="key6">this</a><b>statusDesc</b></field> 
<field><a key="key7">this</a><b>reason</b></field> 
<field><a key="key8">this</a><b>instrumentTypeCd</b></field> 
<field><a key="key9">this</a><b>instrumentTypeDesc</b></field> 
<field><a key="key10">this</a><b>instrumentNum</b></field> 
<field><a key="key11">this</a><b>instrumentSeqNum</b></field> 
<field><a key="key12">this</a><b>instrumentLoc</b></field> 
<field><a key="key13">this</a><b>instrumentBankName</b></field> 
<field><a key="key14">this</a><b>instrumentBankBranh</b></field> 
<field><a key="key15">this</a><b>instrumentDt</b></field> 
<field><a key="key16">this</a><b>receivedDt</b></field> 
		
</mapping>

<mapping>
		<class-a>java.util.HashMap</class-a>
		 <class-b>com.qc.api.dto.policy.ReversalDetailsDTO</class-b> 
		<!-- PR_GETPLCYINFO_REVERSAL_DTLS -->

<field><a key="key0">this</a><b>revrDtl</b></field> 
<field><a key="key1">this</a><b>revrTyp</b></field> 
<field><a key="key2">this</a><b>revrAmt</b></field> 
<field><a key="key3">this</a><b>voucherDt</b></field> 
<field><a key="key4">this</a><b>apprvBy</b></field> 
<field><a key="key5">this</a><b>vourcherAppSysDt</b></field> 
		
</mapping>

<mapping>
		<class-a>java.util.HashMap</class-a>
		 <class-b>com.qc.api.dto.policy.RTFDetailsDTO</class-b> 
		<!-- PR_GETPLCYINFO_RTF_DTLS	 -->
		
<field><a key="key0">this</a><b>rtfSeqNum</b></field> 
<field><a key="key1">this</a><b>rtfAmt</b></field> 
<field><a key="key2">this</a><b>bankPuDt</b></field> 
<field><a key="key3">this</a><b>rtfDt</b></field> 
<field><a key="key4">this</a><b>Bank</b></field> 
<field><a key="key5">this</a><b>rtfStCd</b></field> 
<field><a key="key6">this</a><b>rtfStDesc</b></field> 
<field><a key="key7">this</a><b>bankPopDt</b></field> 
		
</mapping>

<mapping>
		<class-a>java.util.HashMap</class-a>
		 <class-b>com.qc.api.dto.policy.LoanDetaiDTO</class-b> 
		<!-- PR_GETPLCYINFO_LOAN_DTLS-->

<field><a key="key0">this</a><b>loanDisbursementDt</b></field> 
<field><a key="key1">this</a><b>amtLoanTkn</b></field> 
<field><a key="key2">this</a><b>outstLn</b></field> 
<field><a key="key3">this</a><b>intrChrCurYr</b></field> 
<field><a key="key4">this</a><b>intrDueTillDt</b></field> 
<field><a key="key5">this</a><b>lnRepyAmt</b></field> 
<field><a key="key6">this</a><b>lnIDCd</b></field> 
<field><a key="key7">this</a><b>lnIDDesc</b></field> 
<!-- <field><a key="key8">this</a><b></b></field>  -->

</mapping>

<mapping>
		<class-a>java.util.HashMap</class-a>
		 <class-b>com.qc.api.dto.policy.AnnuityDetailsDTO</class-b> 
		<!-- PR_GETPLCYINFO_ANNUITY_DTLS -->

<field><a key="key0">this</a><b>amtofAnnToBePaid</b></field> 
<field><a key="key1">this</a><b>annPayFreqCd</b></field> 
<field><a key="key2">this</a><b>annPayFreqDesc</b></field> 
<field><a key="key3">this</a><b>accPayYrToDate</b></field> 
<field><a key="key4">this</a><b>accPayLifeToDate</b></field> 
<field><a key="key5">this</a><b>lastPayDate</b></field> 
<field><a key="key6">this</a><b>AnnPayStartDate</b></field> 
<field><a key="key7">this</a><b>livingProofCertiRecvd </b></field> 
<field><a key="key8">this</a><b>certiUpdateEffDate</b></field> 
<field><a key="key9">this</a><b>methodOfPayAnnuitantCd </b></field> 
<field><a key="key10">this</a><b>methodOfPayAnnuitantDesc</b></field> 
		
</mapping>

<mapping>
		<class-a>java.util.HashMap</class-a>
		 <class-b>com.qc.api.dto.policy.RequiredPremiumDetailsDTO</class-b> 
		<!-- PR_GETPLCYINFO_REQ_PREMDTLS -->
		
<field><a key="key0">this</a><b>reqPrem</b></field> 
				
</mapping>

<mapping>
		<class-a>java.util.HashMap</class-a>
		 <class-b>com.qc.api.dto.policy.PartWithdrwlDetails</class-b> 
		<!-- PR_GETPLCYINFO_PART_WDRDTLS  -->
		
<field><a key="key0">this</a><b>comment</b></field> 
<field><a key="key1">this</a><b>amount</b></field> 
				
</mapping>

<mapping>
		<class-a>java.util.HashMap</class-a>
		 <class-b>com.qc.api.dto.policy.ProposalBasicDetails</class-b> 										
		<!-- PR_GETPRPSLINFO_PRPSL_BAS_DTLS	 -->

<field><a key="key0">this</a><b>proposalNumber</b></field> 
<field><a key="key1">this</a><b>msa</b></field> 
<field><a key="key2">this</a><b>fsa</b></field> 
<field><a key="key3">this</a><b>sa</b></field> 
<field><a key="key4">this</a><b>appRecdDt</b></field> 
<field><a key="key5">this</a><b>uwUserId</b></field> 
<field><a key="key6">this</a><b>uwName</b></field> 
<field><a key="key7">this</a><b>uwDecn</b></field> 
<field><a key="key8">this</a><b>modelPremium</b></field> 
<field><a key="key9">this</a><b>revisedPremium</b></field> 
<field><a key="key10">this</a><b>extraMortalityRate</b></field> 
<field><a key="key11">this</a><b>flatExtra</b></field> 
<field><a key="key12">this</a><b>flatExtraDuration</b></field> 
<field><a key="key13">this</a><b>multExtra</b></field> 
<field><a key="key14">this</a><b>coverageDecision</b></field> 
<field><a key="key15">this</a><b>polCovTermCat</b></field> 
<field><a key="key16">this</a><b>polPptNew</b></field> 
<field><a key="key17">this</a><b>polInitialPremPay</b></field> 
<field><a key="key18">this</a><b>polRenewalPremPay</b></field> 
<field><a key="key19">this</a><b>proposerBankAccPst </b></field> 
<field><a key="key20">this</a><b>proposerPanCardPst </b></field> 
<field><a key="key21">this</a><b>ownVehicleFlg</b></field> 
<field><a key="key22">this</a><b>vehicleTwoWhlrFlg</b></field> 
<field><a key="key23">this</a><b>vehicleFourWhlrFlg </b></field> 
<field><a key="key24">this</a><b>vehicleTwoWhlrPrice</b></field> 
<field><a key="key25">this</a><b>vehicleFourWhlrPrice</b></field> 
<field><a key="key26">this</a><b>proposerPayerFlg</b></field> 
<field><a key="key27">this</a><b>riderTerm01</b></field> 
<field><a key="key28">this</a><b>riderSa01</b></field> 
<field><a key="key29">this</a><b>riderPrem01</b></field> 
<field><a key="key30">this</a><b>riderServiceTax01</b></field> 
<field><a key="key31">this</a><b>recalModPrem01</b></field> 
<field><a key="key32">this</a><b>polCovTermCat01</b></field> 
<field><a key="key33">this</a><b>riderTerm02</b></field> 
<field><a key="key34">this</a><b>riderSa02</b></field> 
<field><a key="key35">this</a><b>riderPrem02</b></field> 
<field><a key="key36">this</a><b>riderServiceTax02</b></field> 
<field><a key="key37">this</a><b>recalModPrem02</b></field> 
<field><a key="key38">this</a><b>polCovTermCat02</b></field> 
<field><a key="key39">this</a><b>riderTerm03</b></field> 
<field><a key="key40">this</a><b>riderSa03</b></field> 
<field><a key="key41">this</a><b>riderPrem03</b></field> 
<field><a key="key42">this</a><b>riderServiceTax03</b></field> 
<field><a key="key43">this</a><b>recalModPrem03</b></field> 
<field><a key="key44">this</a><b>polCovTermCat03</b></field> 
<field><a key="key45">this</a><b>riderTerm04</b></field> 
<field><a key="key46">this</a><b>riderSa04</b></field> 
<field><a key="key47">this</a><b>riderPrem04</b></field> 
<field><a key="key48">this</a><b>riderServiceTax04</b></field> 
<field><a key="key49">this</a><b>recalModPrem04</b></field> 
<field><a key="key50">this</a><b>polCovTermCat04</b></field> 
<field><a key="key51">this</a><b>riderTerm05</b></field> 
<field><a key="key52">this</a><b>riderSa05</b></field> 
<field><a key="key53">this</a><b>riderPrem05</b></field> 
<field><a key="key54">this</a><b>riderServiceTax05</b></field> 
<field><a key="key55">this</a><b>recalModPrem05</b></field> 
<field><a key="key56">this</a><b>polCovTermCat05</b></field> 
<field><a key="key57">this</a><b>mnylCustClassification </b></field> 
<!-- <field><a key="key58">this</a><b></b></field>  -->
<field><a key="key59">this</a><b>caseStatusDesc</b></field> 
<field><a key="key60">this</a><b>goCodes</b></field> 
<field><a key="key61">this</a><b>planId</b></field> 
<field><a key="key62">this</a><b>plnNm</b></field> 
<field><a key="key63">this</a><b>planCode</b></field> 
<field><a key="key64">this</a><b>proposerCliId</b></field> 
<field><a key="key65">this</a><b>l2BiCliId</b></field> 
<field><a key="key66">this</a><b>nomineeClientId</b></field> 
<field><a key="key67">this</a><b>polMode</b></field> 
<field><a key="key68">this</a><b>polAfyp</b></field> 
<field><a key="key69">this</a><b>polSa</b></field> 
<field><a key="key70">this</a><b>polAdjAfyp</b></field> 
<field><a key="key71">this</a><b>polAdjMfyp</b></field> 
<field><a key="key72">this</a><b>polBasePremium</b></field> 
<field><a key="key73">this</a><b>medNonmed</b></field> 
<field><a key="key74">this</a><b>mnylAgentCd</b></field> 
<field><a key="key75">this</a><b>insuredBirthDt</b></field> 
<field><a key="key76">this</a><b>age</b></field> 
<field><a key="key77">this</a><b>insuredGender</b></field> 
<field><a key="key78">this</a><b>insuredMaritalSts</b></field> 
<field><a key="key79">this</a><b>insuredEdu</b></field> 
<field><a key="key80">this</a><b>insuredIndustry</b></field> 
<field><a key="key81">this</a><b>insuredOccupation</b></field> 
<field><a key="key82">this</a><b>l2BiRelNom</b></field> 
<field><a key="key83">this</a><b>insuredRelNom</b></field> 
<field><a key="key84">this</a><b>l2BiMliExactIncome</b></field> 
<field><a key="key85">this</a><b>insuredAgeFlg</b></field> 
<field><a key="key86">this</a><b>insuredIncomeFlg</b></field> 
<field><a key="key87">this</a><b>customerId</b></field> 
<field><a key="key88">this</a><b>insuredPepFlg</b></field> 
<field><a key="key89">this</a><b>insuredSmokerFlg</b></field> 
<field><a key="key90">this</a><b>counterOffer1</b></field> 
<field><a key="key91">this</a><b>counterOffer2</b></field> 
<field><a key="key92">this</a><b>counterOffer3</b></field> 
<field><a key="key93">this</a><b>counterOffer4</b></field> 
<field><a key="key94">this</a><b>customerSegment</b></field> 
<!-- <field><a key="key95">this</a><b></b></field> --> 
<field><a key="key96">this</a><b>workitemDesc</b></field> 
<field><a key="key97">this</a><b>cmntTxt</b></field> 
		
</mapping>

<mapping>
		<class-a>java.util.HashMap</class-a>
		<class-b>com.qc.api.dto.policy.EcsBasicDetails</class-b> 	
		<!-- PR_GETPLCYINFO_ECS_DTLS  -->
		
<field><a key="key0">this</a><b>serviceProviderName</b></field> 
<field><a key="key1">this</a><b>ecsMandateRejectionReason  </b></field> 
<field><a key="key2">this</a><b>isMicrEncoded</b></field> 
<field><a key="key3">this</a><b>ecsBankAccountNumber</b></field> 
<field><a key="key4">this</a><b>ecsAccountholderName</b></field> 
<field><a key="key5">this</a><b>ecsBankMicrCode</b></field> 
<field><a key="key6">this</a><b>ecsBankIfscCode</b></field> 
<field><a key="key7">this</a><b>ecsBankName</b></field> 
<field><a key="key8">this</a><b>ecsBankLocation</b></field> 
<field><a key="key9">this</a><b>ecsMandateRegStatus</b></field> 
<field><a key="key10">this</a><b>ecsMandateRejectionDate</b></field> 
<field><a key="key11">this</a><b>ecsMandateRegStatusDesc</b></field> 
<field><a key="key12">this</a><b>registrationStatusDate</b></field> 
				
</mapping>

<mapping>
		<class-a>java.util.HashMap</class-a>
		 <class-b>com.qc.api.dto.policy.PolicyAgentRelationship</class-b> 
		<!-- PR_GETPLCYINFO_PLCY_AGNT_REL	 -->			
		
<field><a key="key0">this</a><b>policyId</b></field> 
<field><a key="key1">this</a><b>agentId</b></field> 
				
</mapping>

<mapping>
		<class-a>java.util.HashMap</class-a>
		 <class-b>com.qc.api.dto.policy.DfaDetails</class-b> 
		<!-- PR_GETPLCYINFO_DFA_DTLS	 -->
		
<field><a key="key0">this</a><b>dfaApplicable</b></field> 
<field><a key="key1">this</a><b>dfaCurrentlyActive</b></field> 
<!-- <field><a key="key2">this</a><b></b></field>  -->
<field><a key="key3">this</a><b>mode</b></field> 
<field><a key="key4">this</a><b>nfoOptionChangeApplicable</b></field> 
<field><a key="key5">this</a><b>nfoOptionCurrentlyAvailable</b></field> 
<field><a key="key6">this</a><b>availableNFOOption</b></field> 
<field><a key="key7">this</a><b>switchingChangeApplicable</b></field> 
<field><a key="key8">this</a><b>freeSwitchingAvailable</b></field> 
<field><a key="key9">this</a><b>lastPremiumPayableDate</b></field> 
<field><a key="key10">this</a><b>fundChangeApplicable</b></field> 
		
</mapping>

<mapping>
		<class-a>java.util.HashMap</class-a>
		 <class-b>com.qc.api.dto.policy.StpDetails</class-b> 
		<!-- PR_GETPLCYINFO_STP_DTLS -->

<field><a key="key0">this</a><b>stpApplicable</b></field> 
<field><a key="key1">this</a><b>stpCurrentlyActive</b></field> 
<field><a key="key2">this</a><b>hybridPolicyFlag </b></field> 
<field><a key="key3">this</a><b>assignedPolicyFlag</b></field> 
<field><a key="key4">this</a><b>PolSuprsIssInd</b></field>
<field><a key="key5">this</a><b>planInsuredTypCd</b></field> 
<field><a key="key6">this</a><b>insrdGender</b></field> 
		
</mapping>

<mapping>
		<class-a>java.util.HashMap</class-a>
		 <class-b>com.qc.api.dto.policy.DividendDetails</class-b> 
		<!-- PR_GETPLCYINFO_DIVIDEN_DTLS -->
		
<!-- <field><a key="key0">this</a><b></b></field>  -->
<field><a key="key1">this</a><b>currentBonusOption</b></field> 
<field><a key="key2">this</a><b>bonusOption</b></field> 
<field><a key="key3">this</a><b>bonusOptionChange</b></field> 
<field><a key="key4">this</a><b>availableBonusOption</b></field> 

</mapping>

<mapping>
		<class-a>java.util.HashMap</class-a>
		 <class-b>com.qc.api.dto.policy.PaymentHistoryDetails</class-b> 
		<!-- PR_GETPLCYINFO_PAYMNT_HST_DTLS	 -->
		
<field><a key="key0">this</a><b>paymentMode</b></field> 
<field><a key="key1">this</a><b>paymentDate</b></field> 
<field><a key="key2">this</a><b>amount</b></field> 
<field><a key="key3">this</a><b>status</b></field> 

</mapping>

<mapping>
		<class-a>java.util.HashMap</class-a>
		 <class-b>com.qc.api.dto.policy.PolicyClientRelationshipDTO</class-b> 
		<!-- FN_GETPLCYINFO_PLCY_CLNT_REL -->
		<!-- PR_GETPLCYINFO_PLCY_CLNT_REL -->
		
<field><a key="key0">this</a><b>clientID</b></field> 
<field><a key="key1">this</a><b>roleEfftDt</b></field> 
<field><a key="key2">this</a><b>relatnReason</b></field> 
<field><a key="key3">this</a><b>relatnType</b></field> 
<field><a key="key4">this</a><b>prcntShareOfNom</b></field> 
<field><a key="key5">this</a><b>prefAddrCode</b></field> 
<field><a key="key6">this</a><b>relatnCat</b></field> 
<field><a key="key0">this</a><b>nomineeCliId</b></field> 
		
</mapping>


<mapping>
		<class-a>java.util.HashMap</class-a>
		 <class-b>com.qc.api.dto.policy.PolicyMasuresDTO</class-b> 
		<!-- FN_GETPLCYINFO_PLCY_MESURES -->
		<!-- PR_GETPLCYINFO_PLCY_MESURES --> 

<field><a key="key0">this</a><b>polNo</b></field> 
<field><a key="key1">this</a><b>polAfyp</b></field> 
<field><a key="key2">this</a><b>polModPrem</b></field> 
<field><a key="key3">this</a><b>polSumAssr</b></field> 
<field><a key="key4">this</a><b>polGrossPremAmt</b></field> 
<field><a key="key5">this</a><b>polPremSuspAmt </b></field> 
<field><a key="key6">this</a><b>polPremSuspDt</b></field> 
<field><a key="key7">this</a><b>polMiscSuspAmt </b></field> 
<field><a key="key8">this</a><b>polMiscSuspDt</b></field> 
<field><a key="key9">this</a><b>divSuspAmt</b></field> 
<field><a key="key10">this</a><b>polDivSuspDt</b></field> 
<field><a key="key11">this</a><b>puaLtdFaceAmt  </b></field> 
<field><a key="key12">this</a><b>polOsDisbAmt      </b></field> 
<field><a key="key13">this</a><b>polOsDisbDt</b></field> 
<field><a key="key14">this</a><b>totTopupRecv   </b></field> 
<field><a key="key15">this</a><b>polSundryAmt   </b></field> 
<field><a key="key16">this</a><b>polSurrndAmt   </b></field> 
<field><a key="key17">this</a><b>polTotalBillAmt</b></field> 
<field><a key="key18">this</a><b>ntuAdmnCharge  </b></field> 
<field><a key="key19">this</a><b>ntuMedCharge   </b></field> 
<field><a key="key20">this</a><b>ntuMortCharge  </b></field> 
<field><a key="key21">this</a><b>ntuStmpDutyCharge</b></field> 
<field><a key="key22">this</a><b>lpcReinstatementCharge </b></field> 
<field><a key="key23">this</a><b>noOfModPrem</b></field> 
<field><a key="key24">this</a><b>totPremWithoutTop</b></field> 
<field><a key="key25">this</a><b>premAmtRecdTillDate</b></field> 
<field><a key="key26">this</a><b>totPremWithTop </b></field> 
<field><a key="key27">this</a><b>fundValAsonDate</b></field> 
<field><a key="key28">this</a><b>lastAmountPaid</b></field> 
<field><a key="key29">this</a><b>totOppbSumAssured</b></field> 
<field><a key="key30">this</a><b>totPuaSumAssured</b></field> 
<field><a key="key31">this</a><b>totOppbAmtPaid</b></field> 
<field><a key="key32">this</a><b>loanAmount</b></field> 
<field><a key="key33">this</a><b>loanInterestAmount</b></field> 
<field><a key="key34">this</a><b>modalPremiuminclusiveGST</b></field> 
		
</mapping>

<mapping>
		<class-a>java.util.HashMap</class-a>
		 <class-b>com.qc.api.dto.policy.ReqtDtls</class-b> 
		<!-- PR_GETPLCYINFO_REQT_DTLS -->
		
<field><a key="key0">this</a><b>ReqIDcode</b></field> 
<field><a key="key1">this</a><b>ReqCrtDt</b></field> 
<field><a key="key2">this</a><b>ReqSeqNum</b></field> 
<field><a key="key3">this</a><b>ReqCrtUsr</b></field> 
<field><a key="key4">this</a><b>ReqStatus</b></field> 
<field><a key="key5">this</a><b>ReqTypCd</b></field> 
		
</mapping>


<mapping>
		<class-a>java.util.HashMap</class-a>
		 <class-b>com.qc.api.dto.policy.InsrdCod</class-b> 
		<!-- PR_GETPLCYINFO_INSRD_CD  -->
		
<field><a key="key1">this</a><b>ClientInsCd</b></field> 
				
</mapping>



<!-- MLI Policy Proc Mapping Ends Here -->
	<!-- CLIENT360-CLIENT -->
	<!-- PR_GETCLNTINFO_BANK_ACCT_DTLS -->
	<mapping>
		<!-- <class-a>com.qc.entity.PR_GETCLNTINFO_BANK_ACCT_DTLS</class-a> -->
		<class-a>java.util.HashMap</class-a>
		<class-b>com.qc.api.dto.client.BankAccountDetailsDTO</class-b>
<!-- change mapping by adit 04/09/2018 -->
		<field>
			<a key="key0">this</a>
			<b>type</b>
		</field>
		<field>
			<a key="key1">this</a>
			<b>bankName</b>
		</field>
		<field>
			<a key="key2">this</a>
			<b>bankLocation</b>
		</field>
		<field>
			<a key="key3">this</a>
			<b>ifscCode</b>
		</field>
		<field>
			<a key="key4">this</a>
			<b>accntNum</b>
		</field>
		<field>
			<a key="key5">this</a>
			<b>accntTypeCd</b>
		</field>
		<field>
			<a key="key6">this</a>
			<b>accntHolderName</b>
		</field>
		<field>
			<a key="key7">this</a>
			<b>neftQcPassCd</b>
		</field>
		<field>
			<a key="key8">this</a>
			<b>reasonForDiscrepantDesc</b>
		</field>  
		<field>
			<a key="key9">this</a>
			<b>micrCode</b>
		</field>
		<field>
			<a key="key10">this</a>
			<b>currentStateCd</b>
		</field>
		<field>
			<a key="key11">this</a>
			<b>mandateRejectionDt</b>
		</field>
		<field>
			<a key="key12">this</a>
			<b>chqFromAccntMICREncd</b>
		</field>
		<field>
			<a key="key13">this</a>
			<b>ecsMandateRegStatus</b>
		</field>
		<field>
			<a key="key14">this</a>
			<b>accntTypeDesc</b>
		</field>
		<field>
			<a key="key15">this</a>
			<b>neftQcPassDesc</b>
		</field>
		<field>
			<a key="key16">this</a>
			<b>currentStateDesc</b>
		</field>
		<field>
			<a key="key17">this</a>
			<b>reasonForDiscrepantCd</b>
		</field>
		<field>
			<a key="key18">this</a>
			<b>ingOwnClientAcc</b>
		</field>
		

	</mapping>
<!-- PR_GETCLNTINFO_BASE_ADDR_DTLS -->
	<mapping>
		<!-- <class-a>com.qc.entity.PR_GETCLNTINFO_BASE_ADDR_DTLS</class-a> -->
		<class-a>java.util.HashMap</class-a>
		<class-b>com.qc.api.dto.client.BaseAddressDetailsDTO</class-b>

		<field>
			<a key="key0">this</a>
			<b>addrType</b>
		</field>
		<field>
			<a key="key1">this</a>
			<b>city</b>
		</field>
		<field>
			<a key="key2">this</a>
			<b>addrLine1</b>
		</field>
		<field>
			<a key="key3">this</a>
			<b>addrLine2</b>
		</field>
		<field>
			<a key="key4">this</a>
			<b>addrLine3</b>
		</field>
		<field>
			<a key="key5">this</a>
			<b>pinCode</b>
		</field>
		<field>
			<a key="key6">this</a>
			<b>state</b>
		</field>
		<field>
			<a key="key7">this</a>
			<b>addrChangeDt</b>
		</field>
		<field>
			<a key="key8">this</a>
			<b>country</b>
		</field>
		<field>
			<a key="key9">this</a>
			<b>StateCd</b>
		</field>
	</mapping>
	
	<!-- PR_GETCLNTINFO_CNTC_DTLS -->
	<mapping>
		<!-- <class-a>com.qc.entity.PR_GETCLNTINFO_CNTC_DTLS</class-a> -->
		<class-a>java.util.HashMap</class-a>
		<class-b>com.qc.api.dto.client.ContactDetailsDTO</class-b>

		<field>
			<a key="key0">this</a>
			<b>currentLandline1</b>
		</field>
		<field>
			<a key="key1">this</a>
			<b>permanentLandline1</b>
		</field>
		<field>
			<a key="key2">this</a>
			<b>workLandline1</b>
		</field>
		<field>
			<a key="key3">this</a>
			<b>currentLandline2</b>
		</field>
		<field>
			<a key="key4">this</a>
			<b>permanentLandline2</b>
		</field>
		<field>
			<a key="key5">this</a>
			<b>workLandline2</b>
		</field>
		<field>
			<a key="key6">this</a>
			<b>emalId</b>
		</field>
		<field>
			<a key="key7">this</a>
			<b>faxNum</b>
		</field>
		<field>
			<a key="key8">this</a>
			<b>mobNum</b>
		</field>
		<field>
			<a key="key9">this</a>
			<b>lastContactNum</b>
		</field>
		<field>
			<a key="key10">this</a>
			<b>greenMailFlag</b>
		</field>
		<field>
			<a key="key11">this</a>
			<b>dndStatus</b>
		</field>
		<field>
			<a key="key12">this</a>
			<b>dncStatus</b>
		</field>
		<field>
			<a key="key13">this</a>
			<b>lastEmail</b>
		</field>
		<field>
			<a key="key14">this</a>
			<b>lastMobile</b>
		</field>
		<field>
			<a key="key15">this</a>
			<b>addresslastupdateddate</b>
		</field>
		
		<field>
			<a key="key1">this</a>
			<b>Phone1</b>
		</field>
		<field>
			<a key="key5">this</a>
			<b>Phone2</b>
		</field>
		
	</mapping>
	
	
		<!-- pr_GetclntInfo_Cr_Card_dtls -->
	<mapping>
		<!-- <class-a>com.qc.entity.PR_GETCLNTINFO_CR_CARD_DTLS</class-a> -->
		<class-a>java.util.HashMap</class-a>
		<class-b>com.qc.api.dto.client.CreditCardInformationDTO</class-b>
<!-- change mapping by adit 04/09/2018 -->
		<field>
			<a key="key0">this</a>
			<b>nameOfCrdCardOwner</b>
		</field>
		<field>
			<a key="key1">this</a>
			<b>crdCardNumber</b>
		</field>
		<field>
			<a key="key2">this</a>
			<b>crdCardHolderName</b>
		</field>
		<field>
			<a key="key3">this</a>
			<b>crdCardExpiryDt</b>
		</field>
		<field>
			<a key="key4">this</a>
			<b>crdType</b>
		</field>
		<field>
			<a key="key5">this</a>
			<b>relOfCrdCardOwnerWithLifeInsured</b>
		</field>
	</mapping>
	<!-- PR_GETCLNTINFO_IDENTIFY_INFO -->
	<mapping>
		<!-- <class-a>com.qc.entity.PR_GETCLNTINFO_IDENTIFY_INFO</class-a> -->
		<class-a>java.util.HashMap</class-a>
		<class-b>com.qc.api.dto.client.IdentifiableInformationDTO</class-b>

		<field>
			<a key="key0">this</a>
			<b>panNum</b>
		</field>
		<field>
			<a key="key1">this</a>
			<b>idProof</b>
		</field>
		<field>
			<a key="key2">this</a>
			<b>idProofType</b>
		</field>
		<field>
			<a key="key3">this</a>
			<b>adharCard</b>
		</field>
		<field>
			<a key="key4">this</a>
			<b>idenPrfNum</b>
		</field>
		<field>
			<a key="key5">this</a>
			<b>panUpdateDt</b>
		</field>
		<field>
			<a key="key6">this</a>
			<b>idProofVal</b>
		</field>
		<field>
			<a key="key7">this</a>
			<b>idProofUpdateDt</b>
		</field>
		<field>
			<a key="key8">this</a>
			<b>validTill</b>
		</field>
		
		<field>
			<a key="key9">this</a>
			<b>panSubmittedInd</b>
		</field>
		<field>
			<a key="key10">this</a>
			<b>panValidInd</b>
		</field>
		<field>
			<a key="key11">this</a>
			<b>aadhaarNum</b>
		</field>
		<field>
			<a key="key12">this</a>
			<b>aadhaarAuthInd</b>
		</field>
		
		
	</mapping>
	
<!-- PR_GETCLNTINFO_PERSON_DTLS -->
	<mapping>
		<!-- <class-a>com.qc.entity.PR_GETCLNTINFO_PERSON_DTLS</class-a> -->
		<class-a>java.util.HashMap</class-a>
		<class-b>com.qc.api.dto.client.PersonalDetailsDTO</class-b>

		<field>
			<a key="key0">this</a>
			<b>title</b>
		</field>
		<field>
			<a key="key1">this</a>
			<b>firstName</b>
		</field>
		<field>
			<a key="key2">this</a>
			<b>middleName</b>
		</field>
		<field>
			<a key="key3">this</a>
			<b>lastName</b>
		</field>
		<field>
			<a key="key4">this</a>
			<b>occupation</b>
		</field>
		<field>
			<a key="key5">this</a>
			<b>genderCd</b>
		</field>
		<field>
			<a key="key6">this</a>
			<b>maritalStatus</b>
		</field>
		<field>
			<a key="key7">this</a>
			<b>weightInformation</b>
		</field>
		<field>
			<a key="key8">this</a>
			<b>isSmoker</b>
		</field>
		<field>
			<a key="key9">this</a>
			<b>proofDobSubmit</b>
		</field>
		<field>
			<a key="key10">this</a>
			<b>isDobProofGiven</b>
		</field>
		<field>
			<a key="key11">this</a>
			<b>dob</b>
		</field>
		<field>
			<a key="key12">this</a>
			<b>atrFlag</b>
		</field>
		<field>
			<a key="key13">this</a>
			<b>atrReason</b>
		</field>
		<field>
			<a key="key14">this</a>
			<b>isPoliticallyExposed</b>
		</field>
		<field>
			<a key="key15">this</a>
			<b>fatherOrSpouseName</b>
		</field>
		<field>
			<a key="key16">this</a>
			<b>isGoldCircle</b>
		</field>
		<field>
			<a key="key17">this</a>
			<b>eianNum</b>
		</field>
		<field>
			<a key="key18">this</a>
			<b>panValidation</b>
		</field>
		<field>
			<a key="key19">this</a>
			<b>repositoryName</b>
		</field>
		<field>
			<a key="key20">this</a>
			<b>clientNameChangeDate</b>
		</field>
		<field>
			<a key="key21">this</a>
			<b>custSegmentation</b>
		</field>
		<field>
			<a key="key22">this</a>
			<b>incomeSegment</b>
		</field>
		<field>
			<a key="key23">this</a>
			<b>isNriindicator</b>
		</field>
		<field>
			<a key="key24">this</a>
			<b>actualIncome</b>
		</field>
		<field>
			<a key="key25">this</a>
			<b>panCardMissingInfo</b>
		</field>
		<field>
			<a key="key26">this</a>
			<b>livingCertificate</b>
		</field>
		<field>
			<a key="key27">this</a>
			<b>custPortalRegStatus</b>
		</field>
		<field>
			<a key="key28">this</a>
			<b>customerPortalRegDt</b>
		</field>
		<field>
			<a key="key29">this</a>
			<b>genderDesc</b>
		</field>
		<field>
			<a key="key23">this</a>
			<b>nationality</b>
		</field>
		<field>
			<a key="key12">this</a>
			<b>atrMarked</b>
		</field>
		
		<field>
			<a key="key31">this</a>
			<b>multipleClients</b>
		</field>
		<field>
			<a key="key32">this</a>
			<b>payorRiderAvailable</b>
		</field>
		<field>
			<a key="key33">this</a>
			<b>insrdCliHeight</b>
		</field>
		<field>
			<a key="key34">this</a>
			<b>insrdCliLiqrInd</b>
		</field>
		
		
	</mapping>
	<!-- PR_GETCLNTINFO_UNDERWITING -->
	<mapping>
		<!-- <class-a>com.qc.entity.PR_GETCLNTINFO_UNDERWITING</class-a> -->
		<class-a>java.util.HashMap</class-a>
		<class-b>com.qc.api.dto.client.UnderwritingClientLevelDTO</class-b>

		<field>
			<a key="key0">this</a>
			<b>isMedCase</b>
		</field>
		<field>
			<a key="key1">this</a>
			<b>counterOfferMarkStatus</b>
		</field>
		<field>
			<a key="key2">this</a>
			<b>underWritingCategory</b>
		</field>
		<field>
			<a key="key3">this</a>
			<b>clientLevelPolicyRejection</b>
		</field>
		<field>
			<a key="key4">this</a>
			<b>clientLevelPolicyLoading</b>
		</field>
		
		
		
		
	</mapping>
	<!-- PR_GETCLNTINFO_CLNT_MESURES  -->
	<mapping>
		<class-a>java.util.HashMap</class-a>
		<class-b>com.qc.api.dto.client.ClientInfoClientMeasureBean</class-b>

		<field>
			<a key="key0">this</a>
			<b>totCustRel</b>
		</field>
		<field>
			<a key="key1">this</a>
			<b>totCustRelAct</b>
		</field>
		<field>
			<a key="key2">this</a>
			<b>totAmtRecCltLev</b>
		</field>
		<field>
			<a key="key3">this</a>
			<b>activePol</b>
		</field>
		<field>
			<a key="key4">this</a>
			<b>cntOfLapPolicy</b>
		</field>
		<!-- added by adit one column 04/09/2018 -->
		
		 <field>
			<a key="key5">this</a>
			<b>totalAFYP</b>
		</field>
		
	</mapping>
<!-- FN_GETCLNTINFO_CLNT_PLCY_REL -->
	
        <mapping>
		<class-a>java.util.HashMap</class-a>
		<class-b>com.qc.api.dto.client.ClientPolicyRelationshipDTO</class-b>

		<field>
			<a key="key0">this</a>
			<b>polId</b>
		</field>
		<field>
			<a key="key1">this</a>
			<b>cliId</b>
		</field>
		<field>
			<a key="key2">this</a>
			<b>policyStatus</b>
		</field>
		<field>
			<a key="key3">this</a>
			<b>policyStatusDesc</b>
		</field>
		<field>
			<a key="key4">this</a>
			<b>relationship</b>
		</field>

        <field>
			<a key="key5">this</a>
			<b>relationshipDesc</b>
		</field>

        <field>
			<a key="key6">this</a>
			<b>shareOfPercent</b>
		</field>
		<field>
			<a key="key4">this</a>
			<b>polCliRelTypCd</b>
		</field>
		
</mapping>
 <mapping>
		<class-a>java.util.HashMap</class-a>
		<class-b>com.qc.api.dto.client.RequestDetailsDTO</class-b>

		<field>
			<a key="key0">this</a>
			<b>ReqIDcode</b>
		</field>
		<field>
			<a key="key1">this</a>
			<b>ReqCrtDt</b>
		</field>
		<field>
			<a key="key2">this</a>
			<b>ReqSeqNum</b>
		</field>
		<field>
			<a key="key3">this</a>
			<b>ReqCrtUsr</b>
		</field>
		<field>
			<a key="key4">this</a>
			<b>ReqStatus</b>
		</field>
        <field>
			<a key="key5">this</a>
			<b>ReqTypCd</b>
		</field>
</mapping>
 <mapping>
		<class-a>java.util.HashMap</class-a>
		<class-b>com.qc.api.dto.client.PayerDetailsDTO</class-b>

		<field>
			<a key="key0">this</a>
			<b>policyNo</b>
		</field>
		<field>
			<a key="key1">this</a>
			<b>cvgNum</b>
		</field>
		<field>
			<a key="key2">this</a>
			<b>planName</b>
		</field>
		<field>
			<a key="key3">this</a>
			<b>cvgSumAssured</b>
		</field>
		 <field>
			<a key="key4">this</a>
			<b>relwithOwnClient</b>
		</field>
		<field>
			<a key="key5">this</a>
			<b>cvgStatusCd</b>
		</field>

       
</mapping>


<mapping>
		<class-a>java.util.HashMap</class-a>
		<class-b>com.qc.api.dto.client.PolicyIdsForInsuredDTO</class-b>

		<field>
			<a key="key0">this</a>
			<b>policyIdsForInsured</b>
		</field>
		
</mapping>
<mapping>
		<class-a>java.util.HashMap</class-a>
		<class-b>com.qc.api.dto.client.InsuredClientIdsRelatedDTO</class-b>

		<field>
			<a key="key0">this</a>
			<b>distinctPolicyInsureds</b>
		</field>
		
</mapping>
<mapping>
		<class-a>java.util.HashMap</class-a>
		<class-b>com.qc.api.dto.client.UwUserDetails</class-b>

		<field>
			<a key="key0">this</a>
			<b>uWUser</b>
		</field>
		
</mapping>
<mapping>
		<class-a>java.util.HashMap</class-a>
		<class-b>com.qc.api.dto.policy.LifeInsuredDetailsDTO</class-b>

		<field>
			<a key="key0">this</a>
			<b>insrdCliId</b>
		</field>
		<field>
			<a key="key0">this</a>
			<b>insuredCliCvg</b>
		</field>
		<field>
			<a key="key1">this</a>
			<b>uwUserId</b>
		</field>
</mapping>

<!-- New Mappings for Agent  -->

<mapping>
	
	<class-a>java.util.HashMap</class-a>
		 <class-b>com.qc.api.dto.agent.AgentBasicDetailsDTO</class-b>
		 <!-- PR_GETAGNTINFO_AGNT_BAS_DTLS --> 
		 
<field><a key="key1">this</a><b>agentId </b></field>
<field><a key="key2">this</a><b>title </b></field>
<field><a key="key3">this</a><b>agentName </b></field>
<field><a key="key5">this</a><b>designation </b></field>
<field><a key="key6">this</a><b>branchAddr </b></field>
<field><a key="key9">this</a><b>isEmp </b></field>
<field><a key="key10">this</a><b>goLocality </b></field>
<field><a key="key11">this</a><b>agencyName </b></field>
<field><a key="key12">this</a><b>dob </b></field>
<field><a key="key13">this</a><b>gender </b></field>
<field><a key="key14">this</a><b>categoryCd </b></field>
<field><a key="key15">this</a><b>categoryDesc</b></field>
<field><a key="key16">this</a><b>staffCode </b></field>
<field><a key="key17">this</a><b>eduQufication </b></field>
<field><a key="key18">this</a><b>panNum </b></field>
<field><a key="key19">this</a><b>agentSegmentCd </b></field>
<field><a key="key20">this</a><b>agentSegmentDesc</b></field>
<field><a key="key21">this</a><b>agentClientID </b></field>
<field><a key="key22">this</a><b>maritalStatus </b></field>
<field><a key="key23">this</a><b>fhName </b></field>
<field><a key="key24">this</a><b>nomineeName </b></field>
<field><a key="key25">this</a><b>perShrOfNominee </b></field>
<field><a key="key26">this</a><b>nomineeAgentRelation </b></field>
<field><a key="key28">this</a><b>channelType </b></field>
<field><a key="key29">this</a><b>panUpdateDt </b></field>
<field><a key="key30">this</a><b>eligyForMaxOne </b></field>
<field><a key="key31">this</a><b>supensionReason </b></field>
<field><a key="key32">this</a><b>recruitedBy </b></field>
<field><a key="key33">this</a><b>recruitedByName </b></field>
<field><a key="key34">this</a><b>reportingTo </b></field>
<field><a key="key35">this</a><b>reportingToName </b></field>
<field><a key="key36">this</a><b>rdcBonusReduction </b></field>
<field><a key="key37">this</a><b>referringAgentCode </b></field>
<field><a key="key38">this</a><b>referringAgentName </b></field>
<field><a key="key39">this</a><b>managingBranch </b></field>
<field><a key="key40">this</a><b>ssnCodes </b></field>
<field><a key="key42">this</a><b>agentStatus </b></field>
<field><a key="key43">this</a><b>servBrId </b></field>
<field><a key="key44">this</a><b>agentSegamentationCd </b></field>
<field><a key="key45">this</a><b>agentSegamentationDesc  </b></field>
<field><a key="key46">this</a><b>areaMgr </b></field>
<field><a key="key47">this</a><b>centreMgr </b></field>
<field><a key="key4">this</a><b>role </b></field>
<field><a key="key41">this</a><b>agentActiveCode </b></field>
<field><a key="key7">this</a><b>commissionableFlag </b></field>
<field><a key="key27">this</a><b>channelName </b></field>
<field><a key="key8">this</a><b>branchName </b></field>
<field><a key="key48">this</a><b>reason </b></field>
	
</mapping>

<mapping>
		<class-a>java.util.HashMap</class-a>
		<class-b>com.qc.api.dto.agent.AgentReferralDetailsDTO</class-b>
		
		<!-- PR_GETAGNTINFO_AGNT_REF_DTLS --> 
		
<field><a key="key1">this</a><b>agentCode </b></field>
<field><a key="key2">this</a><b>agentName</b></field>
<field><a key="key3">this</a><b>dtOfJoning</b></field>
<field><a key="key4">this</a><b>designation </b></field>
<field><a key="key5">this</a><b>status </b></field>
<field><a key="key6">this</a><b>agencyBranchCode </b></field>
<field><a key="key7">this</a><b>agencyBranchName </b></field>
<field><a key="key8">this</a><b>reportingTo </b></field>
<field><a key="key9">this</a><b>reportingName </b></field>

</mapping>

<mapping>
		<class-a>java.util.HashMap</class-a>
		<class-b>com.qc.api.dto.agent.AgentMovementDetailsDTO</class-b>
		
		<!-- PR_GETAGNTINFO_AGNT_MVMT_DTLS --> 
	
<field><a key="key1">this</a><b>date</b></field>
<field><a key="key2">this</a><b>movementType  </b></field>
<field><a key="key5">this</a><b>oldBranchCode  </b></field>
<field><a key="key6">this</a><b>newBranchCode  </b></field>
<field><a key="key3">this</a><b>oldDesignation </b></field>
<field><a key="key4">this</a><b>newDesignation </b></field>
<field><a key="key7">this</a><b>reportingTo </b></field>
<field><a key="key8">this</a><b>reportingName </b></field>
<field><a key="key9">this</a><b>reason   </b></field>

</mapping>

<mapping>
		<class-a>java.util.HashMap</class-a>
		<class-b>com.qc.api.dto.agent.AgentContactDetailsDTO</class-b>
		
		<!-- PR_GETAGNTINFO_AGNT_CNTC_DTLS --> 

<field><a key="key1">this</a><b>contactNum </b></field>
<field><a key="key2">this</a><b>emailId </b></field>
<field><a key="key3">this</a><b>agentHomephone </b></field>
<field><a key="key4">this</a><b>agentMobile1 </b></field>
<field><a key="key5">this</a><b>agentMobile2 </b></field>

</mapping>



<mapping>
		<class-a>java.util.HashMap</class-a>
		<class-b>com.qc.api.dto.agent.AgentPolicyDetailsDTO</class-b>
		
		<!-- PR_GETAGTINFO_WRAGTPLCYDTLS --> 
		
<field><a key="key1">this</a><b>policyId </b></field>
<field><a key="key2">this</a><b>policyholderName </b></field>
<field><a key="key3">this</a><b>policyStatus </b></field>
<field><a key="key4">this</a><b>policyIssueDt </b></field>
<field><a key="key5">this</a><b>agentSplit </b></field>
<field><a key="key6">this</a><b>basePlanName </b></field>
<field><a key="key7">this</a><b>premiumMode </b></field>
<field><a key="key8">this</a><b>sumAssured </b></field>
<field><a key="key9">this</a><b>grossAnnualPremium </b></field>
<field><a key="key10">this</a><b>policyTerm </b></field>
<field><a key="key11">this</a><b>policyInforceDt </b></field>
<field><a key="key12">this</a><b>lastStatusChangeDt </b></field>
<field><a key="key13">this</a><b>polDueDt</b></field>

</mapping>

<mapping>
		<class-a>java.util.HashMap</class-a>
		<class-b>com.qc.api.dto.agent.AgentPolicyDetailsDTO</class-b>
		
		<!-- PR_GETAGTINFO_SRAGTPLCYDTLS --> 
		
<field><a key="key1">this</a><b>policyId </b></field>
<field><a key="key2">this</a><b>policyholderName </b></field>
<field><a key="key3">this</a><b>policyStatus </b></field>
<field><a key="key4">this</a><b>policyIssueDt </b></field>
<field><a key="key5">this</a><b>agentSplit </b></field>
<field><a key="key6">this</a><b>basePlanName </b></field>
<field><a key="key7">this</a><b>premiumMode </b></field>
<field><a key="key8">this</a><b>sumAssured </b></field>
<field><a key="key9">this</a><b>grossAnnualPremium </b></field>
<field><a key="key10">this</a><b>policyTerm </b></field>
<field><a key="key11">this</a><b>policyInforceDt </b></field>
<field><a key="key12">this</a><b>lastStatusChangeDt </b></field>
<field><a key="key13">this</a><b>polDueDt</b></field>

</mapping>

<mapping>
		<class-a>java.util.HashMap</class-a>
		<class-b>com.qc.api.dto.agent.AgentContractDetailsDTO</class-b>
		
		<!-- PR_GETAGNTINFO_AGNT_CNTR_DTL --> 
		
<field><a key="key1">this</a><b>licenceNum </b></field>
<field><a key="key2">this</a><b>licenceDt </b></field>
<field><a key="key3">this</a><b>licenceExpiryDt </b></field>
<field><a key="key4">this</a><b>dtOfJoining </b></field>
<field><a key="key5">this</a><b>terminationDt </b></field>

</mapping>

<mapping>
		<class-a>java.util.HashMap</class-a>
		<class-b>com.qc.api.dto.agent.AgentAddressDetailsDTO</class-b>
		
		<!-- PR_GETAGNTINFO_AGNT_ADDR_DTLS --> 
		
<field><a key="key1">this</a><b>AddrLine1 </b></field>
<field><a key="key2">this</a><b>AddrLine2 </b></field>
<field><a key="key3">this</a><b>AddrLine3 </b></field>
<field><a key="key4">this</a><b>city </b></field>
<field><a key="key5">this</a><b>stateCd </b></field>
<field><a key="key6">this</a><b>stateDesc</b></field>
<field><a key="key7">this</a><b>pinCode </b></field>
<field><a key="key8">this</a><b>AddrCategoryCd </b></field>
<field><a key="key9">this</a><b>AddrCategoryDesc</b></field>

</mapping>

</mappings>
